{"_id":"2a0398605f12bbe4002110a1670cb66f","title":"欢迎来到小R版块","videofileID":"","iconfileID":"cloud://qmx.716d-qmx-1302572747/microR/tuzi  koutu.png","avatarUrl":"https://wx.qlogo.cn/mmopen/vi_32/Q0j4TwGTfTKgxl2HH0aaNzl5HLqYv7tCIeQAGv1roROo7bTcfH7ZQdaibIQaeqGXqicNDKYS6s24jVg16XHVHU4Q/132","content":"这是一个用于各厂商发表新闻动态的专属板块，目前仅对企业或商户开放，如您想在此版块发布商品或信息，请向我们反馈，我们将在一定的时间内与您取得联系。","imagesfileID":"cloud://qmx.716d-qmx-1302572747/microRDefaultNotificationIcon.png","schoolid":"61068","schoolname":"testuser1","updatetime":"2020/7/18 17:07","_openid":"oH6PY5Y-tU_P4bcLoP4LeawI7WFQ"}
