{"_id":"0.9059097199927442_1593957317282","avatar":"https://wx.qlogo.cn/mmopen/vi_32/Q0j4TwGTfTKgxl2HH0aaNzl5HLqYv7tCIeQAGv1roROo7bTcfH7ZQdaibIQaeqGXqicNDKYS6s24jVg16XHVHU4Q/132","sendTimeTS":1.593957317282E+12,"_openid":"oH6PY5Y-tU_P4bcLoP4LeawI7WFQ","groupId":"demo","msgType":"text","nickName":"？+","sendTime":{"$date":"2020-07-05T13:55:17.282Z"},"textContent":"bbt"}
{"_id":"0.34846503444620547_1593959663227","avatar":"https://wx.qlogo.cn/mmopen/vi_32/Q0j4TwGTfTKgxl2HH0aaNzl5HLqYv7tCIeQAGv1roROo7bTcfH7ZQdaibIQaeqGXqicNDKYS6s24jVg16XHVHU4Q/132","groupId":"demo","nickName":"？+","textContent":"hello","_openid":"oH6PY5Y-tU_P4bcLoP4LeawI7WFQ","msgType":"text","sendTime":{"$date":"2020-07-05T14:34:23.227Z"},"sendTimeTS":1.593959663227E+12}
{"_id":"0.4649992894712096_1593959663234","_openid":"oH6PY5Y-tU_P4bcLoP4LeawI7WFQ","groupId":"demo","msgType":"text","nickName":"？+","sendTime":{"$date":"2020-07-05T14:34:23.234Z"},"textContent":"hello","avatar":"https://wx.qlogo.cn/mmopen/vi_32/Q0j4TwGTfTKgxl2HH0aaNzl5HLqYv7tCIeQAGv1roROo7bTcfH7ZQdaibIQaeqGXqicNDKYS6s24jVg16XHVHU4Q/132","sendTimeTS":1.593959663234E+12}
{"_id":"0.13652852929118064_1593959693729","_openid":"oH6PY5Y-tU_P4bcLoP4LeawI7WFQ","groupId":"demo","nickName":"？+","avatar":"https://wx.qlogo.cn/mmopen/vi_32/Q0j4TwGTfTKgxl2HH0aaNzl5HLqYv7tCIeQAGv1roROo7bTcfH7ZQdaibIQaeqGXqicNDKYS6s24jVg16XHVHU4Q/132","msgType":"text","sendTime":{"$date":"2020-07-05T14:34:53.729Z"},"sendTimeTS":1.593959693729E+12,"textContent":"asd1"}
{"_id":"0.8122951037279789_1593959696903","nickName":"？+","sendTime":{"$date":"2020-07-05T14:34:56.903Z"},"sendTimeTS":1.593959696903E+12,"textContent":"asdas","avatar":"https://wx.qlogo.cn/mmopen/vi_32/Q0j4TwGTfTKgxl2HH0aaNzl5HLqYv7tCIeQAGv1roROo7bTcfH7ZQdaibIQaeqGXqicNDKYS6s24jVg16XHVHU4Q/132","groupId":"demo","msgType":"text","_openid":"oH6PY5Y-tU_P4bcLoP4LeawI7WFQ"}
{"_id":"0.7109335208476342_1594893897713","_openid":"oH6PY5Y-tU_P4bcLoP4LeawI7WFQ","msgType":"text","nickName":"？+","sendTimeTS":1.594893897713E+12,"textContent":"十几年","avatar":"https://wx.qlogo.cn/mmopen/vi_32/Q0j4TwGTfTKgxl2HH0aaNzl5HLqYv7tCIeQAGv1roROo7bTcfH7ZQdaibIQaeqGXqicNDKYS6s24jVg16XHVHU4Q/132","groupId":"demo","sendTime":{"$date":"2020-07-16T10:04:57.713Z"}}
{"_id":"0.9212639818130299_1594893897737","groupId":"demo","sendTime":{"$date":"2020-07-16T10:04:57.737Z"},"sendTimeTS":1.594893897737E+12,"avatar":"https://wx.qlogo.cn/mmopen/vi_32/Q0j4TwGTfTKgxl2HH0aaNzl5HLqYv7tCIeQAGv1roROo7bTcfH7ZQdaibIQaeqGXqicNDKYS6s24jVg16XHVHU4Q/132","nickName":"？+","textContent":"十几年","_openid":"oH6PY5Y-tU_P4bcLoP4LeawI7WFQ","msgType":"text"}
{"_id":"0.012592357867615922_1594894470634","nickName":"？+","sendTime":{"$date":"2020-07-16T10:14:30.634Z"},"avatar":"https://wx.qlogo.cn/mmopen/vi_32/Q0j4TwGTfTKgxl2HH0aaNzl5HLqYv7tCIeQAGv1roROo7bTcfH7ZQdaibIQaeqGXqicNDKYS6s24jVg16XHVHU4Q/132","imgFileID":"cloud://qmx.716d-qmx-1302572747/oH6PY5Y-tU_P4bcLoP4LeawI7WFQ/0.1608257564478135_1594894470641.jpg","msgType":"image","sendTimeTS":1.594894470634E+12,"_openid":"oH6PY5Y-tU_P4bcLoP4LeawI7WFQ","groupId":"demo"}
{"_id":"0.24019372692508512_1594895979963","_openid":"oH6PY5Y-tU_P4bcLoP4LeawI7WFQ","avatar":"https://wx.qlogo.cn/mmopen/vi_32/Q0j4TwGTfTKgxl2HH0aaNzl5HLqYv7tCIeQAGv1roROo7bTcfH7ZQdaibIQaeqGXqicNDKYS6s24jVg16XHVHU4Q/132","groupId":"demo","msgType":"text","nickName":"？+","sendTime":{"$date":"2020-07-16T10:39:39.963Z"},"sendTimeTS":1.594895979963E+12,"textContent":"需"}
{"_id":"0.8331094253365479_1594896155188","sendTime":{"$date":"2020-07-16T10:42:35.188Z"},"sendTimeTS":1.594896155188E+12,"nickName":"？+","groupId":"demo","msgType":"text","textContent":"大","_openid":"oH6PY5Y-tU_P4bcLoP4LeawI7WFQ","avatar":"https://wx.qlogo.cn/mmopen/vi_32/Q0j4TwGTfTKgxl2HH0aaNzl5HLqYv7tCIeQAGv1roROo7bTcfH7ZQdaibIQaeqGXqicNDKYS6s24jVg16XHVHU4Q/132"}
{"_id":"0.6053466435477375_1594896399377","_openid":"oH6PY5Y-tU_P4bcLoP4LeawI7WFQ","sendTime":{"$date":"2020-07-16T10:46:39.377Z"},"textContent":"就是把玻尿酸","sendTimeTS":1.594896399377E+12,"avatar":"https://wx.qlogo.cn/mmopen/vi_32/Q0j4TwGTfTKgxl2HH0aaNzl5HLqYv7tCIeQAGv1roROo7bTcfH7ZQdaibIQaeqGXqicNDKYS6s24jVg16XHVHU4Q/132","groupId":"demo","msgType":"text","nickName":"？+"}
{"_id":"0.9753905714087447_1594898026960","_openid":"oH6PY5TIy9b8YANvTq1Xe96fTxhg","groupId":"demo","msgType":"text","nickName":"hero","sendTimeTS":1.59489802696E+12,"sendTime":{"$date":"2020-07-16T11:13:46.96Z"},"textContent":"哈哈哈","avatar":"https://wx.qlogo.cn/mmopen/vi_32/MCBAycOGlOvpusBQ8ZfiagkiasoeeibCoibJnLU533VTQMWZEQ8qOFhFHxdjibPZrgh6sxOjdVtaT1O3om3Bar9j3zw/132"}
{"_id":"0.028343448297705853_1594916895988","_openid":"oH6PY5Y-tU_P4bcLoP4LeawI7WFQ","nickName":"？+","sendTime":{"$date":"2020-07-16T16:28:15.988Z"},"textContent":"？？？","avatar":"https://wx.qlogo.cn/mmopen/vi_32/Q0j4TwGTfTKgxl2HH0aaNzl5HLqYv7tCIeQAGv1roROo7bTcfH7ZQdaibIQaeqGXqicNDKYS6s24jVg16XHVHU4Q/132","groupId":"demo","msgType":"text","sendTimeTS":1.594916895988E+12}
{"_id":"0.2575728256527765_1594916896283","msgType":"text","sendTimeTS":1.594916896283E+12,"textContent":"？？？","groupId":"demo","nickName":"韶华","sendTime":{"$date":"2020-07-16T16:28:16.283Z"},"_openid":"oH6PY5c_p6d5VZAXkcok4QLUUtIE","avatar":"https://wx.qlogo.cn/mmopen/vi_32/BeBgL8FC1YaosA2Cuic2Lb6oYb2uQ9mGuCjO6NBcYpYfShYfRibS9vxpV8CkZhmBNYaCcUTUHEu4CfdcmHGY4f1A/132"}
{"_id":"0.06858477852397626_1594999004579","avatar":"https://wx.qlogo.cn/mmopen/vi_32/BeBgL8FC1YaosA2Cuic2Lb6oYb2uQ9mGuCjO6NBcYpYfShYfRibS9vxpV8CkZhmBNYaCcUTUHEu4CfdcmHGY4f1A/132","msgType":"text","sendTimeTS":1.594999004579E+12,"_openid":"oH6PY5c_p6d5VZAXkcok4QLUUtIE","sendTime":{"$date":"2020-07-17T15:16:44.579Z"},"textContent":"emmm","groupId":"demo","nickName":"韶华"}
{"_id":"0.5519906147780362_1595050601889","avatar":"https://wx.qlogo.cn/mmopen/vi_32/BeBgL8FC1YaosA2Cuic2Lb6oYb2uQ9mGuCjO6NBcYpYfShYfRibS9vxpV8CkZhmBNYaCcUTUHEu4CfdcmHGY4f1A/132","textContent":"黄底","_openid":"oH6PY5c_p6d5VZAXkcok4QLUUtIE","groupId":"demo","msgType":"text","nickName":"韶华","sendTime":{"$date":"2020-07-18T05:36:41.889Z"},"sendTimeTS":1.595050601889E+12}
{"_id":"0.7660627426403847_1595078669694","_openid":"oH6PY5c_p6d5VZAXkcok4QLUUtIE","avatar":"https://wx.qlogo.cn/mmopen/vi_32/BeBgL8FC1YaosA2Cuic2Lb6oYb2uQ9mGuCjO6NBcYpYfShYfRibS9vxpV8CkZhmBNYaCcUTUHEu4CfdcmHGY4f1A/132","groupId":"demo","nickName":"韶华","sendTimeTS":1.595078669694E+12,"textContent":"emmm","msgType":"text","sendTime":{"$date":"2020-07-18T13:24:29.694Z"}}
