{"_id":"b7d9f2ea5f017a34006d48bb40c395a0","adminopenid":"oH6PY5Y-tU_P4bcLoP4LeawI7WFQ","_openid":"oH6PY5Y-tU_P4bcLoP4LeawI7WFQ"}
{"_id":"9bf625a55f1037e10002d13152706528","adminopenid":"oH6PY5Q_U_-a9dwBpAyEPWMyZtWE","_openid":"oH6PY5Q_U_-a9dwBpAyEPWMyZtWE"}
{"_id":"08e51e265f13a86d00253de512e300f1","_openid":"oH6PY5c_p6d5VZAXkcok4QLUUtlE","adminopenid":"oH6PY5c_p6d5VZAXkcok4QLUUtlE"}
{"_id":"9bf625a55f16efd0003c7f441382bc80","adminopenid":"oH6PY5agvulMZScv8w-4QLRlIu_E","_openid":"oH6PY5agvulMZScv8w-4QLRlIu_E"}
