{"_id":"a7d38b365f0dc69a003ef00205b0f12f","title":"黄山区谭家桥：红军北上抗日先遣队纪念馆","content":"&nbsp;&nbsp; 红军北上抗日先遣队是1934年7月初由中共中央、中革军委从中央苏区  派出掩护红军主力部队进行长征的一支先遣部队，从江西瑞金出发，最后到达皖南,  在黄山谭家桥与敌人发生激战遭重大失利，死伤惨重。为纪念此次战争，红军北上抗  日先遣队纪念馆在黄山区谭家桥建立，于2011年6月21号正式对外开放。  <br>&nbsp;&nbsp; 红军北上抗日先遣队纪念馆坐落于黄山布水峰下，仰望群峦，景  色优美，占地面积80余亩，主要由瞻仰大厅、粟裕将军墓、战壕遗迹及战斗指挥台等  部分组成。大门上的红色五角星让人顿生敬慕之情，走入大门，拾级而上便是纪念馆  主馆，里面展出了近1300幅图片资料，主要介绍方志敏、寻淮洲、刘英、粟裕等率领  红军北上抗日先遣队指战员们的战斗历程和峥嵘岁月。展柜里陈列了红军使用的各种  枪支炮弹、通行证、钱币、米票、公债券、教科书等3500多件文物实物，一件件印满  岁月痕迹的历史文物和一张张珍贵的历史照片，生动地讲述着当年红军将士浴血奋战  的壮烈斗争场景，一楼展柜中一件用头发编制的厚背心引人注目。<br>&nbsp;&nbsp;   绕过纪念主馆，在后山坡的一块平地上就是粟裕将军墓，坡下是烈士陵园，粟裕将军  曾担任这支队伍的参谋长，他在黄山脚下的谭家桥参与指挥，与国民党反动派进行了  一场惨烈的战役，军团长寻淮洲也在此次战役中牺牲。多少年后，粟裕将军留下遗愿  ，逝世后，将部分骨灰洒在曾经战斗过的谭家桥，与死难的战友们长眠于此。沿着小  路往上不远便是战壕遗址和战斗指挥台了，虽然年代久远，没有了原来的模样，但仍  然可以感受到当年红军抗战的激烈场面和艰苦岁月。<br>&nbsp;&nbsp;  纪念馆现已  成为中国人民解放军第二炮兵理想信念教育基地、安徽省廉政教育基地、安徽省爱国  主义教育基地、安徽省首批民族团结进步教育基地。纪念馆以大量的红军文物实物、  文字图片、军事体验等多种形式详细介绍红军北上抗日先遣队的战斗历史和粟裕将军  的生平事迹，在缅怀革命烈士丰功伟绩的同时，加强对后人特别是广大青少年的爱国  主义教育，具有重要的社会意义。<br><hr><br>","imagesfileID":"cloud://qmx.716d-qmx-1302572747/图片1.png","itemid":"0","placeid":"huangshan","videofileID":"cloud://qmx.716d-qmx-1302572747/合肥工业大学商学系赴黄山黟县文化传承暑期实践.mp4"}
{"_id":"5d0327505f0dccd2004094f11dbc344e","title":"特色农产品：黄山石耳","content":"&nbsp;&nbsp;&nbsp;&nbsp;黄山石耳，山菜珍品，俗称“石衣”，为黄山特产，被称“黄山三石”之一。形状如木耳，个头比木耳大数倍，为药用名贵蔬菜。石耳生长与悬崖峭壁的阴湿缝隙之中，一般六七年才能长成。石耳药用价值较高，李时珍在《本草纲目》中记载：石耳可以“明目益清”。 <br>&nbsp;&nbsp;&nbsp;&nbsp;采集石耳十分艰辛危险，药农用粗绳绑身自悬崖攀下至半空凌空采摘，稍有不甚可能粉身碎骨，所以有些石耳因生长处过于危险，不可采集而历经百年，大如面盆。 <br>&nbsp;&nbsp;&nbsp;&nbsp;“黄山石耳”是一种药用山菜，在徽菜中属上等名菜。夏天吃石耳，不但能消炎，还能防署。同时，石耳又是一种营养价值较高的食品，煮熟后糯性较强，奇香可口；如果和肉作汤，则味道更美。在黄山地区，石耳还被用来防止食物变馊变腐。 <br>&nbsp;&nbsp;&nbsp;&nbsp;“黄山石耳”形状和木耳相似，但比木耳大，表面呈黑色，有细刺，背部长着一层青苔似的淡绿膜，正中有蒂，长在悬岩绝壁阴湿处的石隙之中，一般要六七年才能长成。李时珍《本草纲目》记载：“石耳性甘平无毒，能明目益精”；清代的《本草纲目拾遗》中称石耳“久食色美，益精悦神”。民间常用石耳治喉痛，疗效显著。《本草纲目拾遗》又曰：“作羹饷食，最为珍品。”用石耳煨肉或炖鸡，鲜美可口，素为食客称赞。采“黄山石耳”是件艰难的事，黄山山高林密，山上山下温差大，一般在5一10月这段时间采摘。药农要选择晴好的天气，结伴而行，随身携带粗麻绳和特制竹筐等物品，攀悬岩，登陡壁，寻找到石耳踪迹后，先要选择下山的地点，将粗麻绳一端系在山顶大树上或穿在山岩石孔中，一端拴在药农身上。药农由此下放到三四十丈的深谷中去采摘，得来堪称不易。<br> <hr><br>","itemid":"1","placeid":"huangshan","imagesfileID":"cloud://qmx.716d-qmx-1302572747/图片2.png","shoppingfileID":"","shoppingimagefileID":"cloud://qmx.716d-qmx-1302572747/map/anhui/shoppingimagefileID/huangshanshier.jpg"}
{"_id":"2a0398605f1065b80004d4113e84d241","itemid":"2","placeid":"chizhou","title":"石台县：石台县革命烈士陵园","content":"&nbsp;&nbsp;&nbsp;&nbsp;石台是一座有着光荣革命传统的红色土地，在二次国内革  命时期，是皖浙赣革命根据地不可分割的一部分。老一辈无产阶级革命家方志敏、周  成龙、凌霄、吴介堂、余先文、黄天贵等，都曾到石台这片红色土地上开展革命活动  。境内先后成立石、青、太（石台、青阳、太平）中心县委，秋浦县委，江南特委，  徽州工委和石埭县苏维埃政府等政权组织，建立革命根据地，组织农民团，开展红军  游击斗争。有许多优秀儿女在抗日战争、解放战争、抗美援朝等战争和社会主义建设  事业中，坚定地站在中国共产党的鲜红旗帜下，先后有241位革命先烈为追求救国救  民的真理抛头颅、洒热血，为中华民族的解放事业前仆后继、视死如归，为社会主义  建设事业挥洒青春热血、献出了宝贵的生命。 <br>&nbsp;&nbsp;&nbsp;&nbsp;1953年，石台县各界人民为了纪念革命先烈，由私人  集资和国家资助，在原县城广阳镇中街广场建筑一座革命烈士纪念碑。塔的南北两面  写：“石台县烈士纪念塔”，东面写“革命功绩”，西面写“永垂不朽”。1969年，  因建太平湖而拆毁。1971年，中共石台县委和县革命委员会在新县城七里镇东部的马  鞍山上重建了烈士陵园和烈士纪念塔。陵园依山而建，占地39亩，园内四周栽植的柏  树郁郁葱葱，挺拔的躯干，耸入云间。 <br>&nbsp;&nbsp;&nbsp;&nbsp;石台县革命烈士陵园2009年重修，碑文“死难烈士万  岁”，是县重点革命烈士纪念建筑物保护单位和爱国主义、国防教育基地。每年有无  数检察干警和民众在来到烈士陵园，举行悼念革命先烈的活动。胜利的丰碑是无数先  烈用热血和生命铸就的，是烈士们用鲜血换来的。忆先烈饮水思源，尤当奋发自勉。     <br> <hr><br>","imagesfileID":"cloud://qmx.716d-qmx-1302572747/图片3.png","videofileID":"cloud://qmx.716d-qmx-1302572747/『新闻』合肥工业大学暑期“三下乡”社会实践团队走进我县.mp4"}
{"_id":"08e51e265f1066610004d88334fb6c28","title":"特色农产品：石台富硒茶","placeid":"chizhou","content":"&nbsp;&nbsp;&nbsp;&nbsp;石台富硒茶产地位于我国安徽省石台县，是当地特产，国  家地理标志产品。其外形紧结，芽叶肥嫩、绿润，清香高长，略带野花香，汤色黄绿  、明亮，滋味鲜醇。2012年12月，石台富硒茶成功获批国家地理标志保护产品称号。  2019年11月15日，入选中国农业品牌目录。石台位于安徽省南部，地处两大名山黄山  与九华山之间，北纬30°线穿越其中，属中亚热带湿润季风气候区，具有四季分明、  气候温和、雨量充沛的特点。温度、湿度、日照条件非常适宜茶树生长。域内主要有  最高峰海拔1375米，茶园平均海拔500米至1000米，垂直型地貌特征明显，常年雾气  笼罩，茶园地理环境封闭，生态条件优良。土壤方面，石台域内土壤土层中等，有机  值含量中等，呈酸性或微酸性反应，腐殖质含量比较丰富，硒元素含量高。一直以来  石台是极品名茶产地，多在海拔800米以上高山，有仙寓山毛峰、金竺山毛峰、雾脊  坡毛峰、黄土岭毛峰、铜铃坡毛峰，其鲜叶均产自石台富硒茶保护区域。而且石台富  硒茶在很早以前就负有盛名，有着较为悠久的发展历史。明末清初石台县就盛产好茶  ，该县茶叶销往苏州、广东、福建、香港等地。后由于土壤改良需要，该县在土壤成  份检测中发现微量元素硒含量明显高于其它地区，进而发现该县所产茶叶富含硒元素  。石台富硒茶品种有祁门槠叶种、鸠坑种和迎霜种，其产地范围为海拔200米至1000  米，土壤类型为黄壤，质地为中壤和轻壤，pH值4.0至6.5，土层厚度≥60米，有机质  含量≥1.5%，含硒量0.4至4.4毫克/千克。石台富硒茶采用扦插育苗，于每年10月至  12月定植，种植前每公顷应施足3吨饼肥或22.5吨秸秆等有机底肥，年施腐熟有机肥  ≥20吨/公顷，3月中旬至5月中旬，农民会按照标准采摘单芽、一芽一叶、一芽二叶  的鲜叶。最后经过摊青→杀青→冷却→理条→烘干→摊凉→包装的工艺流程,石台富  硒茶其独特的沁人幽香与养生价值得以更好地展现与发挥。   <br> <hr><br>","itemid":"3","imagesfileID":"cloud://qmx.716d-qmx-1302572747/图片4.png","shoppingimagefileID":"cloud://qmx.716d-qmx-1302572747/map/anhui/shoppingimagefileID/shitaicha.jpg"}
{"_id":"94f505805f1066be000534c70e6a27db","itemid":"4","placeid":"xuancheng","title":"宣城市：泾县新四军军部旧址纪念馆","content":"&nbsp;&nbsp;&nbsp;&nbsp;云岭新四军军部旧址纪念馆是依托抗日战争时期，新四军军部驻扎云岭期间留下的主要遗址而建立的革命纪念馆。位于安徽省泾县西北部，它北邻芜湖，东联宣城，南与黄山相毗邻，西与九华山接壤，处于安徽省\"两山一湖\"旅游经济圈的中心位置，交通十分便捷。是全国著名红色旅游圣地之一，享有\"南方延安\"的美称。 <br>&nbsp;&nbsp;&nbsp;&nbsp;新四军军部旧址总建筑面积达1万平方米。新四军军部旧址纪念馆现保护的旧址点有：军部司令部、军部大会堂、修械所、政治部、教导队、战地服务团，中共中央东南局、烈士墓、叶挺桥等十处，并新增了《云岭碑园》、叶挺铜像广场、辅助陈列、专题展览等设施。结合复原陈列和辅助陈列，以不同的形式再现当年新四军老一辈无产阶级革命家丰功伟绩，以及震惊中外的“皖南事变”悲壮一页。 <br>&nbsp;&nbsp;&nbsp;&nbsp;新四军军部旧址都是明、清时代的徽派古典建筑，建筑风格独特，是保存最完整的革命旧址群之一，也是中国近现代八大重要史迹之一。这些旧址以其丰富的历史和文化内涵，展现老一辈无产阶级革命家清正廉洁的光辉事迹。向后人传诵着伟大的铁军精神和民族精神。1938年7月至1941年1月，新四军军部设此，中共中央东南局也同时设此。在这里新四军部队从两万人发展到九万多人，因而人们把云岭称为新四军的“摇篮”。在叶挺、项英领导下，新四军将士活跃在大江南北，英勇抗敌，创建了众多的抗日根据地，进行了多次战斗，这一时期的新四军军部，为中国革命做出了巨大贡献，在中国革命史册上，留下了光辉的一页。<br> <hr><br>","imagesfileID":"cloud://qmx.716d-qmx-1302572747/图片5.png","videofileID":"cloud://qmx.716d-qmx-1302572747/合肥工业大学计算机与信息学院赴泾县调研暑期实践.mp4"}
{"_id":"2a0398605f1067210004ee5c5585c753","itemid":"5","placeid":"wuhu","title":"繁昌县：百万雄师渡江第一船","content":"&nbsp;&nbsp;&nbsp;&nbsp;板子矶是当年中国人民解放军百万雄师渡江战役第一船登陆点，也是电影《渡江侦察记》拍摄地。在矶头西北部一块砌有五级台阶大理石的平台上存有“渡江战役第一船登陆地”纪念碑，整个纪念碑是用大理石琢成的，它像一艘扬帆航行的船。石碑底部长约2.5米，碑的主体高约3.5米，宽约1.5米，正面镌刻着“百万雄师渡江第一船登陆点”12个大字，左下方落款为“中共繁昌县委、繁昌县人民政府”，“一九九九年四月二十一日”。纪念碑的背后镶嵌着两块黑色的大理 石，上面镌刻着两段碑文，其中第一段的碑文如下：1949年春，中国人民解放军坚决响应“将革命进行到底”的庄严号召，以百万雄师发起了伟大的渡江战役。 4月20日夜21时许，第3野战军第9兵团第27军一部率先突破长江天堑，在繁昌登陆。另外，在板子矶下游距离板子矶27公里的夏湖附近江边公路旁，还有一座“百万雄师渡江第一船登陆点”纪念碑。它距离板子矶27公里。这是一块高约 2.5米、宽约0.8米的青石纪念碑。碑的背面镌刻的碑文是：一九四九年四月二十一日，中共中央军委发出了《向全国进军的命令》，百万雄师飞渡长江。四月 二十日夜，中国人民解放军中集团提前发起进攻，率先突破国民党的铜（陵）、繁（昌）江防，所部第27军79师235团一营三连五班所乘之船，于21时最先 在夏家湖登陆。夏家湖——百万雄师渡江第一船登陆点，这一载入史册的地名将永放光辉。繁昌在渡江战役史上留下了光辉的一页，并总结出了“团结一致、同舟共济、不畏艰险、勇于拼搏、坚韧不拔、敢于争先”的渡江第一船精神。如今长江岸边的这个乡镇，因为渡江战役第一船登陆点而名声大噪，当地的红色文化、生态保护、区位交通更让其成为皖江边的一颗明珠。<br> <hr><br>","imagesfileID":"cloud://qmx.716d-qmx-1302572747/图片6.png","videofileID":"cloud://qmx.716d-qmx-1302572747/繁昌县共青团志愿者.mp4"}
{"_id":"9bf625a55f1067810004b5781961aa86","itemid":"6","placeid":"wuhu","title":"特色农产品：荻港香菜","content":"&nbsp;&nbsp;&nbsp;&nbsp;“荻港香菜”不是芫荽菜，而是皖南地区特殊腌制的高杆白菜。荻港香菜在腌菜原有的基础上改良，味道可口，细细品尝，香、甜、脆、嫩、鲜、辣、咸的口感层次分明。人们常常将它作为食用粥、米饭、面条和饺子等的佐餐。新春佳节期间，这里的人们常会拿出这道美味招待亲友，深受欢迎。 <br>&nbsp;&nbsp;&nbsp;&nbsp;据介绍，荻港人民食用香菜的习俗可以追溯到500多年前的明朝，而腌制香菜的习俗几乎是和冬日时节紧密绑定的。现在一入冬，每家每户都会制作这道美味，荻港镇也就进入了盛产香菜的时间。香菜的制作流程主要包含对高杆白菜的“洗、晒、切、调、封”五个步骤，在“调”的环节，每家每户根据口味的差异，放置不同的调料，也使得不同家香菜的味道有微妙的差异。这道小菜老少咸宜，该地区人们在春节期间常常用它来馈赠亲友。 <br>&nbsp;&nbsp;&nbsp;&nbsp;荻港香菜的美名传出了古镇，引起了全国食客们的兴趣。香菜的消费需求带动了荻港古镇农产品市场的活跃，如今已经有100多家企业或者作坊开展香菜的生产制作，年加工产值逾千万元。处在发展转型期的荻港镇抓住这一契机，着力升级“荻港香菜”的产业品牌。产品展销、品牌注册、电商销售、非遗申报等一系列工作陆续展开，“荻港香菜”在芜湖市一级范围内已经具有知名的影响力，产品更是一批批销往全国，实实在在地增加了农民的收入。 <br>&nbsp;&nbsp;&nbsp;&nbsp;与“节日”“团圆”“家乡”“美味”“产业”等诸多元素的勾连，“荻港香菜”超越了食品的范畴，演变成了一种乡土文化，成为了这座古镇、甚至是芜湖市的一张靓丽名片。“荻港香菜”在2019年初获批“芜湖市非物质文化遗产”称号。<br> <hr><br>","imagesfileID":"cloud://qmx.716d-qmx-1302572747/图片7.png","shoppingimagefileID":"cloud://qmx.716d-qmx-1302572747/map/anhui/shoppingimagefileID/digangxiangcai.jpg"}
{"_id":"2a0398605f10680c0005093f1b01674d","placeid":"liuan","itemid":"7","title":"金寨县：红军广场","content":"&nbsp;&nbsp;&nbsp;&nbsp;“八月桂花遍地开，鲜红的旗帜竖呀竖起来……”这首脍炙人口的革命歌曲唱响了苏区和红军发展的辉煌。安徽省金寨县，作为这首歌曲的诞生地，自然是经典的红色革命景区，也是中国工农红军第一县，全国第二大将军县。而金寨红军广场更是“千里跃进，将军故里”的核心景点。 <br>&nbsp;&nbsp;&nbsp;&nbsp;金寨县红军广场景区位于鄂、豫、皖三省交界处的大别山腹地，坐落于有“将军县”之称的安徽省金寨县县城，位于梅山史河西畔，是在金寨县革命博物馆和烈士墓园的基础上扩建而成的。景区占地面积25万平方米，为国家AAAA级旅游景区。景区包括六个部分即：革命烈士纪念塔、金寨县革命博物馆、红军烈士墓园、红军广场、洪学智将军纪念碑，金寨县红军纪念堂。现已形成以烈士纪念塔为中心，融塔、馆、堂、碑、墓园、广场为一体、具有山区特色的大型综合性纪念园。 <br>&nbsp;&nbsp;&nbsp;&nbsp;红军广场景区景区中央是一个宽阔的广场，广场不远处摆放着战斗机和坦克车模型，似乎还提示着人们属于那个年代的战火与激情。沿着红军广场便是金寨县革命博物馆。这座灰色建筑看似平常，馆名却是由邓小平亲笔题写。金寨县革命博物馆占地面积8000多平方米，展出历史文物1200多件，是全国首批爱国主义教育基地之一，也是红军广场的核心。紧邻博物馆的是革命烈士纪念塔、纪念堂和烈士陵园。在这里，每一级台阶、每一个数字都有自己的故事，详细的信息介绍把我们带回那个并不为我们所熟知的战争年代。革命烈士纪念塔气势磅礴，雄伟壮观，由刘伯承元帅题写的“燎原星火”四个大字金光闪耀，寓意金寨是中国革命的发源地之一。在纪念塔前，人们排成行，向革命先烈三鞠躬，表达自己的敬意。 <br>&nbsp;&nbsp;&nbsp;&nbsp;红军广场现已是全国重点烈士纪念建筑物保护单位、全国爱国主义教育示范基地、全国红色旅游经典景区、国防教育基地。在这里，人们感受着金寨县十万革命儿女的献身精神，思绪回到战火纷飞的革命年代，在一个个革命人物和革命事件中，体悟着这块红色土地对中国革命所作出的突出贡献。<br> <hr><br>","imagesfileID":"cloud://qmx.716d-qmx-1302572747/图片8.png","videofileID":"cloud://qmx.716d-qmx-1302572747/合肥工业大学暑期三下乡 情系金寨 筑梦茶乡 .mp4"}
{"_id":"1503f3385f10686d0006f4931082e8a1","itemid":"8","placeid":"liuan","title":"特色农产品：金寨道地中药材","content":"&nbsp;&nbsp;&nbsp;&nbsp;金寨因独特的地理气候条件成就了丰富的道地中药材资源  。约68万人口的山区小城里，相当比重的人口从事着与中草药相关的工作。在这片土  地上，人与本草之间的故事在不断上演…… <br>&nbsp;&nbsp;&nbsp;&nbsp;安徽省金寨县地处北纬31度附近。这里四季分明，年  平均气温15.9℃、无霜期约250天、平均日照时数近两千小时、平均降水量1419.9毫  米，拥有阴凉潮湿、通风多雾的独特小气候。金寨县位于大别山北麓，鄂、豫、皖三  省结合部，是安徽省最大山区县，境内群山起伏，河流纵横，物种繁多，共有野生药  源237科1363种，被誉为“西山药库”。金寨县是安徽省乃至全国重要的中药材道地  原产地，主要品种有茯苓、天麻、厚朴、野菊花、辛夷花、苍术等。20世纪50年代至  70年代，金寨县年均收购中药材60.5万公斤，其中野生中药材占50%至60%。70年代，  金寨县引进中药材品种90种，成功试种板蓝根、玄参等73种。1973年，天麻人工栽培  在金寨县实验成功。1984年，金寨县政府将中药材列为商品生产品种之一。90年代，  金寨县引进西洋参、灵芝等名贵药材栽培，同时大力推广发展天麻、茯苓等药用菌人  工种植。现在，中药材种植已经成为金寨县重点支持发展的八大特色农业产业之一，  全县中药材种植面积达到16万亩。与此同时，县财政每年安排2000万元专项资金，打  造覆盖全产业链的“西山药库”，通过“农户+基地+专业合作社+企业”的经营模式  ，每年可带动1万户贫困户通过参与发展中药材实现脱贫。 <br> <hr> <br>购物链接： <br>1、金寨九州天润中药产业有限公司 <br>电话：0564-7710668 <br>邮箱：839269373@qq.com <br>地址：金寨县南溪镇门前村槐树组 <br>2、安徽金寨乔康药业有限公司 <br>网址： http://www.ahqiaokang.com/ <br>电话： 0564-7195888 <br>传真： 0564-7195666 <br>联系人： 陈女士 <br>手机： 15385906608 <br>邮箱： qkyyjqw@163.com<br><hr><br>","imagesfileID":"cloud://qmx.716d-qmx-1302572747/图片9.png","shoppingimagefileID":"cloud://qmx.716d-qmx-1302572747/map/anhui/shoppingimagefileID/jinzhaiyaocai.jpg"}
{"_id":"f47f682c5f139916002c5d5a3fc9e040","itemid":"9","placeid":"xuancheng","title":"泾县板栗","imagesfileID":"cloud://qmx.716d-qmx-1302572747/map/anhui/imagefileID/jingxianbanli.jpg","shoppingimagefileID":"cloud://qmx.716d-qmx-1302572747/map/anhui/shoppingimagefileID/jingxianbanli.jpg","content":"&nbsp;&nbsp;&nbsp;&nbsp;泾县板栗是安徽著名特产。“泾县板栗”历史悠久，品质  优良，“泾县板栗”以其甜、香、糯3大特点驰名中外，在国际市场上被统称为“中  国甘栗”。  <br>&nbsp;&nbsp;&nbsp;&nbsp;泾县板栗营养价值很高，甘甜芳香，营养丰富，易贮  藏保鲜，可延长市场供应时间，国外称之为“健康食品”，属于健胃补肾、延年益寿  的上等果品。  <br>&nbsp;&nbsp;&nbsp;&nbsp;不仅如此，泾县板栗全身是宝，可以加工制做栗干、  栗粉、栗酱、栗浆、糕点、罐头等食品，栗子羹则是老幼皆宜，营养丰富的糖果。板  栗树材质坚硬，纹理通直，防腐耐湿，是制造军工、车船、家具等良好材料；枝叶、  树皮、刺苞富含单宁，可提取烤胶；花是很好的蜜源。板栗各部分均可入药，板栗能  健脾益气、消除湿热，果壳治反胃称做收敛剂，树皮煎汤洗丹毒，根可治偏肾气等症  。 <br>&nbsp;&nbsp;&nbsp;&nbsp;泾县板栗还有养胃健脾、补肾强筋的功用。《本草纲  目》：“栗味甘性温，入脾胃肾经。”“唐代孙思邈说：“栗，肾之果也，肾病宜食  之。”《本草纲目》中指出：“栗治肾虚，腰腿无力，能通肾益气，厚肠胃也。”“  有人内寒，暴泻如注，食煨栗二三十枚顿愈。”苏东坡的弟弟苏辙由曾写诗称颂栗子  的食疗功效，“老去自添腰脚病，山翁服栗旧传方。客来为说晨兴晚，三咽徐收白玉  浆。”吃食板栗可以益气血、养胃、补肾、健肝脾；生食还有治疗腰腿酸疼、舒筋活  络的功效。泾县板栗所含高淀粉质可提供高热量，而钾有助维持正常心跳规律，纤维  素则能强化肠道，保持排泄系统正常运作。"}
