{"_id":"9fb344b15f00777f00579c8145399cc1","schoolname":"testuser1","_openid":"oH6PY5Y-tU_P4bcLoP4LeawI7WFQ","avatarUrl":"https://wx.qlogo.cn/mmopen/vi_32/Q0j4TwGTfTKgxl2HH0aaNzl5HLqYv7tCIeQAGv1roROo7bTcfH7ZQdaibIQaeqGXqicNDKYS6s24jVg16XHVHU4Q/132","phonenumber":"","qqnumber":"","schoolid":"61068"}
{"_id":"868b77555f0195480053d17250a5dbb2","_openid":"oH6PY5c_p6d5VZAXkcok4QLUUtlE","avatarUrl":"","phonenumber":"","qqnumber":"3157400877","schoolid":"2018219246","schoolname":"学姐"}
{"_id":"2a0398605f0fc8b800001dcf50a68de3","_openid":"oH6PY5TIy9b8YANvTq1Xe96fTxhg","avatarUrl":"https://wx.qlogo.cn/mmopen/vi_32/MCBAycOGlOvpusBQ8ZfiagkiasoeeibCoibJnLU533VTQMWZEQ8qOFhFHxdjibPZrgh6sxOjdVtaT1O3om3Bar9j3zw/132","phonenumber":"","qqnumber":"","schoolid":"2019216434","schoolname":"合肥工业大学"}
{"_id":"f47f682c5f10374c000389ef412ea584","avatarUrl":"https://wx.qlogo.cn/mmopen/vi_32/rsJ45gHGibAWfa6Ny0adfmzic1sKoDH6icrXicZpHicAoEQE7E0kiahdmyO7BZ4m6oibo4FgiaptADBZhAiazTicC7SGq7ZA/132","phonenumber":"13031139932","qqnumber":"1582669020","schoolid":"2017210027","schoolname":"合肥工业大学","_openid":"oH6PY5Q_U_-a9dwBpAyEPWMyZtWE"}
{"_id":"f47f682c5f10e22b000e7a8629105321","avatarUrl":"https://wx.qlogo.cn/mmopen/vi_32/qZ0rasvpUJoItkE8bECaW6eW5CY6YERItoGYIayAgu71REkFlXWggCEhNUmFLWUOMRJ7mkb8CbME3Wmm0zjicHg/132","phonenumber":"15513670480","qqnumber":"630894112","schoolid":"2019216403","schoolname":"合肥工业大学","_openid":"oH6PY5WQqvYkXf3gIpOIxvt5feYE"}
{"_id":"9bf625a55f13a954002365246598d1b3","phonenumber":"","qqnumber":"","schoolid":"2019216442","schoolname":"王慧莹","_openid":"oH6PY5cv2S99PgHC5mNnE27uAYCE","avatarUrl":"https://wx.qlogo.cn/mmopen/vi_32/MSQasPcwv0x8nuxQr55zIAwEjJmd6sNsOicPKia7MrhTgPg5AjSkfW6C5hJBnuVH1iaaXcSZGd6jicibQy5geSWhAqQ/132"}
{"_id":"08e51e265f14df45002beaad49f192e2","phonenumber":"","qqnumber":"","schoolid":"2018218794","schoolname":"王建华","_openid":"oH6PY5Y-tU_P4bcLoP4LeawI7WFQ","avatarUrl":"https://wx.qlogo.cn/mmopen/vi_32/Q0j4TwGTfTKgxl2HH0aaNzl5HLqYv7tCIeQAGv1roROo7bTcfH7ZQdaibIQaeqGXqicNDKYS6s24jVg16XHVHU4Q/132"}
{"_id":"15d399db5f1696260048c22b47849ae9","_openid":"oH6PY5TIy9b8YANvTq1Xe96fTxhg","avatarUrl":"https://wx.qlogo.cn/mmopen/vi_32/MCBAycOGlOvpusBQ8ZfiagkiasoeeibCoibJnLU533VTQMWZEQ8qOFhFHxdjibPZrgh6sxOjdVtaT1O3om3Bar9j3zw/132","phonenumber":"17838501632","qqnumber":"2532023756","schoolid":"2019216434","schoolname":"胡林慧"}
{"_id":"2a0398605f169856003dc4392c4ab08e","schoolname":"胡林慧","_openid":"oH6PY5TIy9b8YANvTq1Xe96fTxhg","avatarUrl":"https://wx.qlogo.cn/mmopen/vi_32/MCBAycOGlOvpusBQ8ZfiagkiasoeeibCoibJnLU533VTQMWZEQ8qOFhFHxdjibPZrgh6sxOjdVtaT1O3om3Bar9j3zw/132","phonenumber":"","qqnumber":"","schoolid":"2019216434"}
{"_id":"15d399db5f16c788004a55c62ed820db","_openid":"oH6PY5WQqvYkXf3gIpOIxvt5feYE","avatarUrl":"https://wx.qlogo.cn/mmopen/vi_32/qZ0rasvpUJoItkE8bECaW6eW5CY6YERItoGYIayAgu71REkFlXWggCEhNUmFLWUOMRJ7mkb8CbME3Wmm0zjicHg/132","phonenumber":"","qqnumber":"","schoolid":"2019216403","schoolname":"合肥工业大学"}
{"_id":"3d23c0a05f16c836004c41db381fb42a","qqnumber":"","schoolid":"2019216434","schoolname":"胡林慧","_openid":"oH6PY5TIy9b8YANvTq1Xe96fTxhg","avatarUrl":"https://wx.qlogo.cn/mmopen/vi_32/MCBAycOGlOvpusBQ8ZfiagkiasoeeibCoibJnLU533VTQMWZEQ8qOFhFHxdjibPZrgh6sxOjdVtaT1O3om3Bar9j3zw/132","phonenumber":""}
{"_id":"1503f3385f16d66e0057aaa8191f01fe","avatarUrl":"https://wx.qlogo.cn/mmopen/vi_32/qZ0rasvpUJoItkE8bECaW6eW5CY6YERItoGYIayAgu71REkFlXWggCEhNUmFLWUOMRJ7mkb8CbME3Wmm0zjicHg/132","phonenumber":"15513670480","qqnumber":"630894112","schoolid":"2019216403","schoolname":"王莹","_openid":"oH6PY5WQqvYkXf3gIpOIxvt5feYE"}
{"_id":"3d23c0a05f16efbb004db8a94acaa393","_openid":"oH6PY5agvulMZScv8w-4QLRlIu_E","avatarUrl":"","phonenumber":"","qqnumber":"","schoolid":"2008218794","schoolname":"管理员小佳"}
