{"_id":"f47f682c5f12b42000272f3461293d19","grouptheme":"黄山旅游","schoolidbind":"61068,2019216403,2019216434","schoolidleader":"61068","updatetime":"","_openid":"oH6PY5Y-tU_P4bcLoP4LeawI7WFQ","groupauthoricon":"https://wx.qlogo.cn/mmopen/vi_32/Q0j4TwGTfTKgxl2HH0aaNzl5HLqYv7tCIeQAGv1roROo7bTcfH7ZQdaibIQaeqGXqicNDKYS6s24jVg16XHVHU4Q/132"}
{"_id":"2a0398605f13aec80025d9ac7c7d39ea","schoolidbind":"2019216442,2019216434,2019216403","schoolidleader":"2019216442","updatetime":"","_openid":"oH6PY5cv2S99PgHC5mNnE27uAYCE","groupauthoricon":"https://wx.qlogo.cn/mmopen/vi_32/MSQasPcwv0x8nuxQr55zIAwEjJmd6sNsOicPKia7MrhTgPg5AjSkfW6C5hJBnuVH1iaaXcSZGd6jicibQy5geSWhAqQ/132","grouptheme":"焕活“红产品”"}
{"_id":"08e51e265f13c2a40025f4dd24976bf8","_openid":"oH6PY5TIy9b8YANvTq1Xe96fTxhg","groupauthoricon":"./user-unlogin.png","grouptheme":"访故居—传承红色精神","schoolidbind":"2019216434,2019216403","schoolidleader":"2019216434","updatetime":""}
{"_id":"1503f3385f13d1950035610c7c4ef9db","schoolidleader":"2019216403","updatetime":"","_openid":"oH6PY5WQqvYkXf3gIpOIxvt5feYE","groupauthoricon":"https://wx.qlogo.cn/mmopen/vi_32/qZ0rasvpUJoItkE8bECaW6eW5CY6YERItoGYIayAgu71REkFlXWggCEhNUmFLWUOMRJ7mkb8CbME3Wmm0zjicHg/132","grouptheme":"革命圣地寻访记","schoolidbind":"2019216403"}
