{"_id":"15d399db5f13a979002c2f496c29947a","like":670.0,"updatetime":"2020年07月19日星期日 10:01:28","imagesfileID":null,"avatarUrl":"https://wx.qlogo.cn/mmopen/vi_32/MSQasPcwv0x8nuxQr55zIAwEjJmd6sNsOicPKia7MrhTgPg5AjSkfW6C5hJBnuVH1iaaXcSZGd6jicibQy5geSWhAqQ/132","content":"“扶贫直播”作为近年来一种新兴扶贫方式，在形式创新、流量吸引、带货消费等方面均有突出表现。尤其是一些政府官员、流量大V亲自上阵，利用自身的影响力带货扶贫，效果显著。\n我们大学生也可以出一份力哦！","schoolid":"2019216442","schoolname":"王慧莹","title":"扶贫直播","_openid":"oH6PY5cv2S99PgHC5mNnE27uAYCE"}
{"_id":"2a0398605f13c2f1002665df1fec2015","imagesfileID":null,"like":12.0,"title":"革命英雄永垂不朽！","updatetime":"2020年07月19日星期日 11:50:09","_openid":"oH6PY5TIy9b8YANvTq1Xe96fTxhg","avatarUrl":"https://wx.qlogo.cn/mmopen/vi_32/MCBAycOGlOvpusBQ8ZfiagkiasoeeibCoibJnLU533VTQMWZEQ8qOFhFHxdjibPZrgh6sxOjdVtaT1O3om3Bar9j3zw/132","schoolname":"合肥工业大学","content":"王稼祥，原名嘉祥，又名稼蔷，安徽省泾县桃花潭镇厚岸村人。忠诚的马克思主义者，杰出的无产阶级革命家，中国共产党和中国人民解放军卓越领导人，中国共产党和新中国对外工作的开拓者之一。革命英雄永垂不朽！作为老一辈革命领导人，王稼祥先生为人民的事业做出了巨大贡献，我们要以他为榜样！","schoolid":"2019216434"}
{"_id":"3d23c0a05f13d16c002ecebd7ec18447","avatarUrl":"https://wx.qlogo.cn/mmopen/vi_32/qZ0rasvpUJoItkE8bECaW6eW5CY6YERItoGYIayAgu71REkFlXWggCEhNUmFLWUOMRJ7mkb8CbME3Wmm0zjicHg/132","imagesfileID":null,"schoolid":"2019216403","_openid":"oH6PY5WQqvYkXf3gIpOIxvt5feYE","like":4.0,"schoolname":"合肥工业大学","title":"独山革命根据地的故事","updatetime":"2020年07月19日星期日 12:51:54","content":"独山名字和它对中国革命的伟大贡献，同时载入光荣史册，如今遗留在镇上的中共六安县委和少共六安县委、六安县苏维埃政府、赤卫军指挥部、列宁小学、革命法庭、保卫局、苏维埃俱乐部、经济合作社、独山暴动指挥部九处革命旧址群，作为土地革命战争初期我党一个县级机构集中在一个地方，实属安徽，全国少有。为缅怀革命先辈的英雄业绩、昭示后人，镇政府自筹资金在镇区南头山兴建了邓小平亲笔题字的六霍起义纪念塔，徐向前元帅为纪念塔题词——六霍起义中牺牲的烈士永垂不朽。同时与独山革命旧址群一起被省委、省政府批准为省级爱国主义教育基地。"}
{"_id":"08e51e265f16c8d4003e7c433fda5ce5","imagesfileID":null,"like":1.0,"schoolname":"合肥工业大学","title":"宣城市红色旅游更上一层楼！","_openid":"oH6PY5TIy9b8YANvTq1Xe96fTxhg","avatarUrl":"https://wx.qlogo.cn/mmopen/vi_32/MCBAycOGlOvpusBQ8ZfiagkiasoeeibCoibJnLU533VTQMWZEQ8qOFhFHxdjibPZrgh6sxOjdVtaT1O3om3Bar9j3zw/132","content":"\n        据中宣在线报道  近年来，宣城市加快发展红色旅游，结合产业扶贫推动乡村振兴。云岭新四军军部旧址纪念馆、皖南事变烈士陵园、王稼祥故居纪念馆荣获全国爱国主义教育示范基地称号；云岭新四军军部旧址纪念馆当选全国12个重点红色旅游景区、20个党史纪念地、30条红色旅游精品线路，被评为国家级国防教育示范基地、全国廉政教育基地。（源：人民网）","schoolid":"2019216434","updatetime":"2020年07月21日星期二 18:52:02"}
